SET IDENTITY_INSERT [dbo].[DeliverySet] ON 
GO
INSERT [dbo].[DeliverySet] ([Id], [Name], [Description]) VALUES (1, N'СДЭК', N'Мы оказываем людям и компаниям спектр услуг своевременной и гарантированной доставки, постоянно повышая уровень сервиса, внедряя новые технологии, эффективно используя внутренний потенциал и внешние ресурсы.')
GO
INSERT [dbo].[DeliverySet] ([Id], [Name], [Description]) VALUES (2, N'PONY EXPRESS', N'PONY EXPRESS — КРУПНЕЙШИЙ В СНГ УНИВЕРСАЛЬНЫЙ ЛОГИСТИЧЕСКИЙ ОПЕРАТОР 60 экспресс-центров и 128 представительств в России, а также представительства в 9 странах мира: Азербайджане, Армении, Беларуси, Грузии, Казахстане, Кыргызстане, Латвии, Молдове и Украине.')
GO
INSERT [dbo].[DeliverySet] ([Id], [Name], [Description]) VALUES (3, N'Гарантпост', N'Компания Гарантпост была основана в 1990 году как первое в России предприятие в области почтовых услуг с участием иностранного капитала (зарубежной фирмой участником является Air France). Юридический статус – общество с ограниченной ответственностью.')
GO
SET IDENTITY_INSERT [dbo].[DeliverySet] OFF
GO
INSERT [dbo].[OrderProduct] ([Order_Id], [Product_Id]) VALUES (1, 1)
GO
INSERT [dbo].[OrderProduct] ([Order_Id], [Product_Id]) VALUES (2, 1)
GO
INSERT [dbo].[OrderProduct] ([Order_Id], [Product_Id]) VALUES (3, 1)
GO
INSERT [dbo].[OrderProduct] ([Order_Id], [Product_Id]) VALUES (4, 1)
GO
INSERT [dbo].[OrderProduct] ([Order_Id], [Product_Id]) VALUES (5, 1)
GO
INSERT [dbo].[OrderProduct] ([Order_Id], [Product_Id]) VALUES (6, 1)
GO
INSERT [dbo].[OrderProduct] ([Order_Id], [Product_Id]) VALUES (7, 1)
GO
INSERT [dbo].[OrderProduct] ([Order_Id], [Product_Id]) VALUES (8, 1)
GO
INSERT [dbo].[OrderProduct] ([Order_Id], [Product_Id]) VALUES (9, 1)
GO
INSERT [dbo].[OrderProduct] ([Order_Id], [Product_Id]) VALUES (10, 1)
GO
INSERT [dbo].[OrderProduct] ([Order_Id], [Product_Id]) VALUES (11, 1)
GO
INSERT [dbo].[OrderProduct] ([Order_Id], [Product_Id]) VALUES (12, 1)
GO
INSERT [dbo].[OrderProduct] ([Order_Id], [Product_Id]) VALUES (13, 1)
GO
INSERT [dbo].[OrderProduct] ([Order_Id], [Product_Id]) VALUES (14, 1)
GO
INSERT [dbo].[OrderProduct] ([Order_Id], [Product_Id]) VALUES (15, 1)
GO
INSERT [dbo].[OrderProduct] ([Order_Id], [Product_Id]) VALUES (16, 1)
GO
INSERT [dbo].[OrderProduct] ([Order_Id], [Product_Id]) VALUES (17, 1)
GO
INSERT [dbo].[OrderProduct] ([Order_Id], [Product_Id]) VALUES (18, 1)
GO
INSERT [dbo].[OrderProduct] ([Order_Id], [Product_Id]) VALUES (19, 1)
GO
INSERT [dbo].[OrderProduct] ([Order_Id], [Product_Id]) VALUES (20, 1)
GO
INSERT [dbo].[OrderProduct] ([Order_Id], [Product_Id]) VALUES (21, 1)
GO
INSERT [dbo].[OrderProduct] ([Order_Id], [Product_Id]) VALUES (22, 1)
GO
INSERT [dbo].[OrderProduct] ([Order_Id], [Product_Id]) VALUES (23, 1)
GO
INSERT [dbo].[OrderProduct] ([Order_Id], [Product_Id]) VALUES (24, 1)
GO
INSERT [dbo].[OrderProduct] ([Order_Id], [Product_Id]) VALUES (25, 1)
GO
INSERT [dbo].[OrderProduct] ([Order_Id], [Product_Id]) VALUES (26, 1)
GO
INSERT [dbo].[OrderProduct] ([Order_Id], [Product_Id]) VALUES (27, 1)
GO
INSERT [dbo].[OrderProduct] ([Order_Id], [Product_Id]) VALUES (2, 2)
GO
INSERT [dbo].[OrderProduct] ([Order_Id], [Product_Id]) VALUES (3, 2)
GO
INSERT [dbo].[OrderProduct] ([Order_Id], [Product_Id]) VALUES (4, 2)
GO
INSERT [dbo].[OrderProduct] ([Order_Id], [Product_Id]) VALUES (6, 2)
GO
INSERT [dbo].[OrderProduct] ([Order_Id], [Product_Id]) VALUES (7, 2)
GO
INSERT [dbo].[OrderProduct] ([Order_Id], [Product_Id]) VALUES (8, 2)
GO
INSERT [dbo].[OrderProduct] ([Order_Id], [Product_Id]) VALUES (9, 2)
GO
INSERT [dbo].[OrderProduct] ([Order_Id], [Product_Id]) VALUES (10, 2)
GO
INSERT [dbo].[OrderProduct] ([Order_Id], [Product_Id]) VALUES (11, 2)
GO
INSERT [dbo].[OrderProduct] ([Order_Id], [Product_Id]) VALUES (12, 2)
GO
INSERT [dbo].[OrderProduct] ([Order_Id], [Product_Id]) VALUES (15, 2)
GO
INSERT [dbo].[OrderProduct] ([Order_Id], [Product_Id]) VALUES (16, 2)
GO
INSERT [dbo].[OrderProduct] ([Order_Id], [Product_Id]) VALUES (17, 2)
GO
INSERT [dbo].[OrderProduct] ([Order_Id], [Product_Id]) VALUES (18, 2)
GO
INSERT [dbo].[OrderProduct] ([Order_Id], [Product_Id]) VALUES (19, 2)
GO
INSERT [dbo].[OrderProduct] ([Order_Id], [Product_Id]) VALUES (20, 2)
GO
INSERT [dbo].[OrderProduct] ([Order_Id], [Product_Id]) VALUES (22, 2)
GO
INSERT [dbo].[OrderProduct] ([Order_Id], [Product_Id]) VALUES (23, 2)
GO
INSERT [dbo].[OrderProduct] ([Order_Id], [Product_Id]) VALUES (24, 2)
GO
INSERT [dbo].[OrderProduct] ([Order_Id], [Product_Id]) VALUES (25, 2)
GO
INSERT [dbo].[OrderProduct] ([Order_Id], [Product_Id]) VALUES (26, 2)
GO
INSERT [dbo].[OrderProduct] ([Order_Id], [Product_Id]) VALUES (27, 2)
GO
INSERT [dbo].[OrderProduct] ([Order_Id], [Product_Id]) VALUES (2, 3)
GO
INSERT [dbo].[OrderProduct] ([Order_Id], [Product_Id]) VALUES (3, 3)
GO
INSERT [dbo].[OrderProduct] ([Order_Id], [Product_Id]) VALUES (4, 3)
GO
INSERT [dbo].[OrderProduct] ([Order_Id], [Product_Id]) VALUES (6, 3)
GO
INSERT [dbo].[OrderProduct] ([Order_Id], [Product_Id]) VALUES (7, 3)
GO
INSERT [dbo].[OrderProduct] ([Order_Id], [Product_Id]) VALUES (8, 3)
GO
INSERT [dbo].[OrderProduct] ([Order_Id], [Product_Id]) VALUES (9, 3)
GO
INSERT [dbo].[OrderProduct] ([Order_Id], [Product_Id]) VALUES (10, 3)
GO
INSERT [dbo].[OrderProduct] ([Order_Id], [Product_Id]) VALUES (11, 3)
GO
INSERT [dbo].[OrderProduct] ([Order_Id], [Product_Id]) VALUES (12, 3)
GO
INSERT [dbo].[OrderProduct] ([Order_Id], [Product_Id]) VALUES (16, 3)
GO
INSERT [dbo].[OrderProduct] ([Order_Id], [Product_Id]) VALUES (17, 3)
GO
INSERT [dbo].[OrderProduct] ([Order_Id], [Product_Id]) VALUES (18, 3)
GO
INSERT [dbo].[OrderProduct] ([Order_Id], [Product_Id]) VALUES (20, 3)
GO
INSERT [dbo].[OrderProduct] ([Order_Id], [Product_Id]) VALUES (22, 3)
GO
INSERT [dbo].[OrderProduct] ([Order_Id], [Product_Id]) VALUES (23, 3)
GO
INSERT [dbo].[OrderProduct] ([Order_Id], [Product_Id]) VALUES (24, 3)
GO
INSERT [dbo].[OrderProduct] ([Order_Id], [Product_Id]) VALUES (25, 3)
GO
INSERT [dbo].[OrderProduct] ([Order_Id], [Product_Id]) VALUES (26, 3)
GO
INSERT [dbo].[OrderProduct] ([Order_Id], [Product_Id]) VALUES (3, 4)
GO
INSERT [dbo].[OrderProduct] ([Order_Id], [Product_Id]) VALUES (4, 4)
GO
INSERT [dbo].[OrderProduct] ([Order_Id], [Product_Id]) VALUES (6, 4)
GO
INSERT [dbo].[OrderProduct] ([Order_Id], [Product_Id]) VALUES (7, 4)
GO
INSERT [dbo].[OrderProduct] ([Order_Id], [Product_Id]) VALUES (8, 4)
GO
INSERT [dbo].[OrderProduct] ([Order_Id], [Product_Id]) VALUES (11, 4)
GO
INSERT [dbo].[OrderProduct] ([Order_Id], [Product_Id]) VALUES (12, 4)
GO
INSERT [dbo].[OrderProduct] ([Order_Id], [Product_Id]) VALUES (16, 4)
GO
INSERT [dbo].[OrderProduct] ([Order_Id], [Product_Id]) VALUES (17, 4)
GO
INSERT [dbo].[OrderProduct] ([Order_Id], [Product_Id]) VALUES (18, 4)
GO
INSERT [dbo].[OrderProduct] ([Order_Id], [Product_Id]) VALUES (22, 4)
GO
INSERT [dbo].[OrderProduct] ([Order_Id], [Product_Id]) VALUES (23, 4)
GO
INSERT [dbo].[OrderProduct] ([Order_Id], [Product_Id]) VALUES (3, 5)
GO
INSERT [dbo].[OrderProduct] ([Order_Id], [Product_Id]) VALUES (8, 5)
GO
INSERT [dbo].[OrderProduct] ([Order_Id], [Product_Id]) VALUES (16, 5)
GO
INSERT [dbo].[OrderProduct] ([Order_Id], [Product_Id]) VALUES (17, 5)
GO
INSERT [dbo].[OrderProduct] ([Order_Id], [Product_Id]) VALUES (18, 5)
GO
INSERT [dbo].[OrderProduct] ([Order_Id], [Product_Id]) VALUES (22, 5)
GO
INSERT [dbo].[OrderProduct] ([Order_Id], [Product_Id]) VALUES (3, 6)
GO
INSERT [dbo].[OrderProduct] ([Order_Id], [Product_Id]) VALUES (8, 6)
GO
INSERT [dbo].[OrderProduct] ([Order_Id], [Product_Id]) VALUES (17, 6)
GO
INSERT [dbo].[OrderProduct] ([Order_Id], [Product_Id]) VALUES (18, 6)
GO
SET IDENTITY_INSERT [dbo].[OrderSet] ON 
GO
INSERT [dbo].[OrderSet] ([Id], [DateCreate], [Total], [UserId_Id], [DeliveryId_Id]) VALUES (1, CAST(N'2018-04-19T19:22:49.660' AS DateTime), CAST(1317 AS Decimal(18, 0)), 5, 3)
GO
INSERT [dbo].[OrderSet] ([Id], [DateCreate], [Total], [UserId_Id], [DeliveryId_Id]) VALUES (2, CAST(N'2018-04-19T19:22:49.703' AS DateTime), CAST(3478 AS Decimal(18, 0)), 7, 3)
GO
INSERT [dbo].[OrderSet] ([Id], [DateCreate], [Total], [UserId_Id], [DeliveryId_Id]) VALUES (3, CAST(N'2018-04-19T19:22:49.740' AS DateTime), CAST(7947 AS Decimal(18, 0)), 7, 3)
GO
INSERT [dbo].[OrderSet] ([Id], [DateCreate], [Total], [UserId_Id], [DeliveryId_Id]) VALUES (4, CAST(N'2018-04-19T19:22:49.740' AS DateTime), CAST(4120 AS Decimal(18, 0)), 7, 3)
GO
INSERT [dbo].[OrderSet] ([Id], [DateCreate], [Total], [UserId_Id], [DeliveryId_Id]) VALUES (5, CAST(N'2018-04-19T19:22:49.740' AS DateTime), CAST(1317 AS Decimal(18, 0)), 4, 3)
GO
INSERT [dbo].[OrderSet] ([Id], [DateCreate], [Total], [UserId_Id], [DeliveryId_Id]) VALUES (6, CAST(N'2018-04-19T19:22:49.740' AS DateTime), CAST(4120 AS Decimal(18, 0)), 6, 3)
GO
INSERT [dbo].[OrderSet] ([Id], [DateCreate], [Total], [UserId_Id], [DeliveryId_Id]) VALUES (7, CAST(N'2018-04-19T19:22:49.740' AS DateTime), CAST(4120 AS Decimal(18, 0)), 4, 3)
GO
INSERT [dbo].[OrderSet] ([Id], [DateCreate], [Total], [UserId_Id], [DeliveryId_Id]) VALUES (8, CAST(N'2018-04-19T19:22:49.740' AS DateTime), CAST(7947 AS Decimal(18, 0)), 5, 3)
GO
INSERT [dbo].[OrderSet] ([Id], [DateCreate], [Total], [UserId_Id], [DeliveryId_Id]) VALUES (9, CAST(N'2018-04-19T19:22:49.740' AS DateTime), CAST(3478 AS Decimal(18, 0)), 7, 3)
GO
INSERT [dbo].[OrderSet] ([Id], [DateCreate], [Total], [UserId_Id], [DeliveryId_Id]) VALUES (10, CAST(N'2018-04-19T19:22:49.740' AS DateTime), CAST(3478 AS Decimal(18, 0)), 5, 3)
GO
INSERT [dbo].[OrderSet] ([Id], [DateCreate], [Total], [UserId_Id], [DeliveryId_Id]) VALUES (11, CAST(N'2018-04-19T19:22:49.740' AS DateTime), CAST(4120 AS Decimal(18, 0)), 4, 3)
GO
INSERT [dbo].[OrderSet] ([Id], [DateCreate], [Total], [UserId_Id], [DeliveryId_Id]) VALUES (12, CAST(N'2018-04-19T19:22:49.740' AS DateTime), CAST(4120 AS Decimal(18, 0)), 3, 3)
GO
INSERT [dbo].[OrderSet] ([Id], [DateCreate], [Total], [UserId_Id], [DeliveryId_Id]) VALUES (13, CAST(N'2018-04-19T19:22:49.740' AS DateTime), CAST(1317 AS Decimal(18, 0)), 5, 3)
GO
INSERT [dbo].[OrderSet] ([Id], [DateCreate], [Total], [UserId_Id], [DeliveryId_Id]) VALUES (14, CAST(N'2018-04-19T19:22:49.740' AS DateTime), CAST(1317 AS Decimal(18, 0)), 5, 3)
GO
INSERT [dbo].[OrderSet] ([Id], [DateCreate], [Total], [UserId_Id], [DeliveryId_Id]) VALUES (15, CAST(N'2018-04-19T19:22:49.740' AS DateTime), CAST(2476 AS Decimal(18, 0)), 3, 3)
GO
INSERT [dbo].[OrderSet] ([Id], [DateCreate], [Total], [UserId_Id], [DeliveryId_Id]) VALUES (16, CAST(N'2018-04-19T19:22:49.740' AS DateTime), CAST(6146 AS Decimal(18, 0)), 7, 3)
GO
INSERT [dbo].[OrderSet] ([Id], [DateCreate], [Total], [UserId_Id], [DeliveryId_Id]) VALUES (17, CAST(N'2018-04-19T19:22:49.740' AS DateTime), CAST(7947 AS Decimal(18, 0)), 6, 3)
GO
INSERT [dbo].[OrderSet] ([Id], [DateCreate], [Total], [UserId_Id], [DeliveryId_Id]) VALUES (18, CAST(N'2018-04-19T19:22:49.740' AS DateTime), CAST(7947 AS Decimal(18, 0)), 7, 3)
GO
INSERT [dbo].[OrderSet] ([Id], [DateCreate], [Total], [UserId_Id], [DeliveryId_Id]) VALUES (19, CAST(N'2018-04-19T19:22:49.740' AS DateTime), CAST(2476 AS Decimal(18, 0)), 5, 3)
GO
INSERT [dbo].[OrderSet] ([Id], [DateCreate], [Total], [UserId_Id], [DeliveryId_Id]) VALUES (20, CAST(N'2018-04-19T19:22:49.740' AS DateTime), CAST(3478 AS Decimal(18, 0)), 6, 3)
GO
INSERT [dbo].[OrderSet] ([Id], [DateCreate], [Total], [UserId_Id], [DeliveryId_Id]) VALUES (21, CAST(N'2018-04-19T19:22:49.740' AS DateTime), CAST(1317 AS Decimal(18, 0)), 7, 3)
GO
INSERT [dbo].[OrderSet] ([Id], [DateCreate], [Total], [UserId_Id], [DeliveryId_Id]) VALUES (22, CAST(N'2018-04-19T19:22:49.740' AS DateTime), CAST(6146 AS Decimal(18, 0)), 5, 3)
GO
INSERT [dbo].[OrderSet] ([Id], [DateCreate], [Total], [UserId_Id], [DeliveryId_Id]) VALUES (23, CAST(N'2018-04-19T19:22:49.740' AS DateTime), CAST(4120 AS Decimal(18, 0)), 4, 3)
GO
INSERT [dbo].[OrderSet] ([Id], [DateCreate], [Total], [UserId_Id], [DeliveryId_Id]) VALUES (24, CAST(N'2018-04-19T19:22:49.740' AS DateTime), CAST(3478 AS Decimal(18, 0)), 7, 3)
GO
INSERT [dbo].[OrderSet] ([Id], [DateCreate], [Total], [UserId_Id], [DeliveryId_Id]) VALUES (25, CAST(N'2018-04-19T19:22:49.740' AS DateTime), CAST(3478 AS Decimal(18, 0)), 4, 3)
GO
INSERT [dbo].[OrderSet] ([Id], [DateCreate], [Total], [UserId_Id], [DeliveryId_Id]) VALUES (26, CAST(N'2018-04-19T19:22:49.740' AS DateTime), CAST(3478 AS Decimal(18, 0)), 3, 3)
GO
INSERT [dbo].[OrderSet] ([Id], [DateCreate], [Total], [UserId_Id], [DeliveryId_Id]) VALUES (27, CAST(N'2018-04-19T19:22:49.740' AS DateTime), CAST(2476 AS Decimal(18, 0)), 7, 3)
GO
INSERT [dbo].[OrderSet] ([Id], [DateCreate], [Total], [UserId_Id], [DeliveryId_Id]) VALUES (28, CAST(N'2018-04-19T19:22:49.740' AS DateTime), CAST(0 AS Decimal(18, 0)), 7, 3)
GO
INSERT [dbo].[OrderSet] ([Id], [DateCreate], [Total], [UserId_Id], [DeliveryId_Id]) VALUES (29, CAST(N'2018-04-19T19:22:49.740' AS DateTime), CAST(0 AS Decimal(18, 0)), 4, 3)
GO
INSERT [dbo].[OrderSet] ([Id], [DateCreate], [Total], [UserId_Id], [DeliveryId_Id]) VALUES (30, CAST(N'2018-04-19T19:22:49.740' AS DateTime), CAST(0 AS Decimal(18, 0)), 7, 3)
GO
SET IDENTITY_INSERT [dbo].[OrderSet] OFF
GO
SET IDENTITY_INSERT [dbo].[ProductSet] ON 
GO
INSERT [dbo].[ProductSet] ([Id], [Name], [Description], [Cost]) VALUES (1, N'CLR via C#. Программирование на платформе Microsoft.NET Framework 4.5 на языке C#', N'Эта книга, выходящая в четвертом издании и уже ставшая классическим учебником по программированию, подробно описывает внутреннее устройство и функционирование общеязыковой исполняющей среды (CLR) Microsoft .NET Framework версии 4.5. Написанная признанным экспертом в области программирования Джеффри Рихтером, много лет являющимся консультантом команды разработчиков .NET Framework компании Microsoft, книга научит вас создавать по-настоящему надежные приложения любого вида, в том числе с использованием Microsoft Silverlight, ASP.NET, Windows Presentation Foundation и т.д. Четвертое издание полностью обновлено в соответствии со спецификацией платформы .NET Framework 4.5, а также среды Visual Studio 2012 и C# 5.0.', CAST(1317 AS Decimal(18, 0)))
GO
INSERT [dbo].[ProductSet] ([Id], [Name], [Description], [Cost]) VALUES (2, N'Оптимизация приложений на платформе .Net', N'Увеличение производительности алгоритмов и приложений является чрезвычайно важным аспектом разработки и может дать вам преимущество перед конкурентами, а вашим пользователям обеспечить низкую стоимость владения и удовольствие от использования быстрых и отзывчивых приложений. Данная книга описывает внутренние особенности ОС Windows, среды выполнения CLR и аппаратного обеспечения, влияющие на производительность приложений, а также дает вам знания и инструменты для измерения производительности вашего кода в изоляции от внешних факторов. Книга наполнена примерами кода на С# и рекомендациями, которые помогут вам выжать максимум возможного из вашего приложения - низкое потребление памяти, согласованную нагрузку на процессор и минимальное количество операций ввода/вывода с сетью и диском. ', CAST(1159 AS Decimal(18, 0)))
GO
INSERT [dbo].[ProductSet] ([Id], [Name], [Description], [Cost]) VALUES (3, N'Паттерны проектирования', N'В мире постоянно кто-то сталкивается с такими же проблемами программирования, которые возникают и у вас. Многие разработчики решают совершенно идентичные задачи и находят похожие решения. Если вы не хотите изобретать велосипед, используйте готовые шаблоны (паттерны) проектирования, работе с которыми посвящена эта книга. Паттерны появились, потому что многие разработчики искали пути повышения гибкости и степени повторного использования своих программ. Найденные решения воплощены в краткой и легко применимой на практике форме. Особенностью данного издания является уникальный способ подачи материала, выделяющий серию "Head First" издательства O''Reilly в ряду множества скучных книг, посвященных программированию. Книга будет интересна широкому кругу веб-разработчиков, от начинающих до профессионалов, желающих освоить работу с паттернами проектирования.', CAST(1002 AS Decimal(18, 0)))
GO
INSERT [dbo].[ProductSet] ([Id], [Name], [Description], [Cost]) VALUES (4, N'Паттерны проектирования на платформе .NET', N'Паттерны проектирования остаются важным инструментом в арсенале разработчика, поскольку они опираются на фундаментальные принципы проектирования. Тем не менее, появление новых конструкций в современных языках программирования делает одни паттерны более важными, а значимость других сводит к минимуму. Цель данной книги - показать, как изменились паттерны проектирования за это время, как на них повлияло современное увлечение функциональным программированием, и объяснить, каким образом они используются в современных .NET-приложениях. В издании вы найдете подробное описание классических паттернов проектирования с особенностями их реализации на платформе .NET, а также примеры их использования в .NET Framework. Вы также изучите принципы проектирования, известные под аббревиатурой SOLID, и научитесь применять их при разработке собственных приложений. ', CAST(642 AS Decimal(18, 0)))
GO
INSERT [dbo].[ProductSet] ([Id], [Name], [Description], [Cost]) VALUES (5, N'Microsoft .NET. Архитектура корпоративных приложений', N'В этой книге, написанной двумя ведущими экспертами в области программирования Дино Эспозито и Андреа Сальтарелло, рассказывается от начала и до конца как применять шаблоны и лучшие методики для управления сложными проектами, как облегчить их сборку и упростить поддержку и дальнейшую модернизацию. Во втором издании книги подробно рассмотрены темы о моделировании предметной области, архитектуре CQRS (Сommand-Query Responsibility Segregation — разделение ответственности на команды и запросы) и моделях, основанных на источниках событий.', CAST(2026 AS Decimal(18, 0)))
GO
INSERT [dbo].[ProductSet] ([Id], [Name], [Description], [Cost]) VALUES (6, N'C# для профессионалов. Тонкости программирования', N'Книга C# ДЛЯ ПРОФЕССИОНАЛОВ. ТОНКОСТИ ПРОГРАММИРОВАНИЯ (C# in Depth) является обновлением предыдущего издания, ставшего бестселлером, с целью раскрытия новых средств языка C# 5, включая решение проблем, которые связаны с написанием сопровождаемого асинхронного кода. Она предлагает уникальные сведения о сложных областях и темных закоулках языка, которые может предоставить только эксперт Джон Скит.', CAST(1801 AS Decimal(18, 0)))
GO
INSERT [dbo].[ProductSet] ([Id], [Name], [Description], [Cost]) VALUES (7, N'Эффективное программирование на C#. 50 способов улучшения кода', N'В этой книге многоуважаемый эксперт в области .NET Билл Вагнер исследует 50 способов использования в своих целях полной мощи языка C# 6.0 для написания исключительно надежного, эффективного и высокопроизводительного кода. Отражая растущую сложность языка C# и сообщества разработчиков, автор обозначает десятки новых путей написания лучшего кода. ', CAST(1258 AS Decimal(18, 0)))
GO
SET IDENTITY_INSERT [dbo].[ProductSet] OFF
GO
SET IDENTITY_INSERT [dbo].[UserSet] ON 
GO
INSERT [dbo].[UserSet] ([Id], [FullName], [Login], [Password], [Address]) VALUES (1, N'Landon Martin', N'landon.martin16@example.com', N'f439ee', N'301350, г. Сосногорск, ул. Заречная, дом 20, квартира 73')
GO
INSERT [dbo].[UserSet] ([Id], [FullName], [Login], [Password], [Address]) VALUES (2, N'Sara Pena', N'sara.pena49@example.com', N'eff383', N'356264, г. Турунтаево, ул. Батюнинская, дом 67, квартира 217')
GO
INSERT [dbo].[UserSet] ([Id], [FullName], [Login], [Password], [Address]) VALUES (3, N'Gloria Vargas', N'gloria.vargas60@example.com', N'20bee8', N'460541, г. Хабаровск, ул. Декабристов, дом 96, квартира 74')
GO
INSERT [dbo].[UserSet] ([Id], [FullName], [Login], [Password], [Address]) VALUES (4, N'Louis Craig', N'louis.craig42@example.com', N'd87c83', N'187789, г. Бычково, ул. Михаила Агибалова, дом 52, квартира 205')
GO
INSERT [dbo].[UserSet] ([Id], [FullName], [Login], [Password], [Address]) VALUES (5, N'Chloe Harvey', N'chloe.harvey17@example.com', N'e3f854', N'617120, г. Овражье, ул. Бадюлина, дом 21, квартира 171')
GO
INSERT [dbo].[UserSet] ([Id], [FullName], [Login], [Password], [Address]) VALUES (6, N'Kelly Armstrong', N'kelly.armstrong34@example.com', N'cc15d1', N'634024, г. Филипповка, ул. Молодёжная, дом 21, квартира 62')
GO
INSERT [dbo].[UserSet] ([Id], [FullName], [Login], [Password], [Address]) VALUES (7, N'Leon Austin', N'leon.austin35@example.com', N'187659', N'433322, г. Грачевка, ул. Бассейная, дом 65, квартира 73')
GO
SET IDENTITY_INSERT [dbo].[UserSet] OFF